subject,predicate,object,subject_type,object_type,source_title,source_date
експонати Харківського художнього музею,були евакуйовані,2022 рік,ORG,EVENT,"Пожежа у художньому музеї Харкова після удару РФ: ""Усе найцінніше у нас було вивезено""",2026-06-14 20:27:22
будівля,зазнала пошкоджень,російський удар,LOC,EVENT,"Пожежа у художньому музеї Харкова після удару РФ: ""Усе найцінніше у нас було вивезено""",2026-06-14 20:27:22
російський удар,відбувся,14 червня,EVENT,EVENT,"Пожежа у художньому музеї Харкова після удару РФ: ""Усе найцінніше у нас було вивезено""",2026-06-14 20:27:22
Харківський художний музей,містить,колекція,ORG,ORG,"Пожежа у художньому музеї Харкова після удару РФ: ""Усе найцінніше у нас було вивезено""",2026-06-14 20:27:22
Тетяна Помірко,є з,Львова,PER,LOC,На подіум у 60 років. Історія моделі зі Львова Тетяни Помірко,2026-06-14 20:22:57
Тетяна Помірко,вийшла на подіум,три роки тому,PER,EVENT,На подіум у 60 років. Історія моделі зі Львова Тетяни Помірко,2026-06-14 20:22:57
Тетяна Помірко,пішла навчатися дефіле,з цікавості,PER,EVENT,На подіум у 60 років. Історія моделі зі Львова Тетяни Помірко,2026-06-14 20:22:57
Тетяна Помірко,має вік,62 роки,PER,EVENT,На подіум у 60 років. Історія моделі зі Львова Тетяни Помірко,2026-06-14 20:22:57
Тетяна Помірко,бере участь у демонстрації одягу,закордонні бренди,PER,ORG,На подіум у 60 років. Історія моделі зі Львова Тетяни Помірко,2026-06-14 20:22:57
російські війська,атакували,автомобілі,ORG,EVENT,"Зранку російські війська атакували авто на двох дорогах Донеччини, троє поранених",2026-06-14 20:21:13
атака,відбулася,двох дорогах Донецької області,EVENT,LOC,"Зранку російські війська атакували авто на двох дорогах Донеччини, троє поранених",2026-06-14 20:21:13
атака,відбулася,14 червня,EVENT,EVENT,"Зранку російські війська атакували авто на двох дорогах Донеччини, троє поранених",2026-06-14 20:21:13
троє людей,дістали поранення,поранення,PER,EVENT,"Зранку російські війська атакували авто на двох дорогах Донеччини, троє поранених",2026-06-14 20:21:13
Анастасія Мєдвєдєва,розповіла,Суспільному Донбас,PER,ORG,"Зранку російські війська атакували авто на двох дорогах Донеччини, троє поранених",2026-06-14 20:21:13
Анастасія Мєдвєдєва,є речницею,обласної прокуратури,PER,ORG,"Зранку російські війська атакували авто на двох дорогах Донеччини, троє поранених",2026-06-14 20:21:13
Окупанти,готуються посилювати,штурми на Гуляйпільському напрямку,PER,EVENT,Ротації армії РФ на боєздатніші підрозділи та підготовка до нового наступу: ситуація на Гуляйпільському напрямку,2026-06-14 20:21:11
Окупанти,проводять ротації,особовий склад,PER,PER,Ротації армії РФ на боєздатніші підрозділи та підготовка до нового наступу: ситуація на Гуляйпільському напрямку,2026-06-14 20:21:11
особовий склад,замінюють на,більш боєздатні підрозділи,PER,PER,Ротації армії РФ на боєздатніші підрозділи та підготовка до нового наступу: ситуація на Гуляйпільському напрямку,2026-06-14 20:21:11
синоптики,прогнозують,пориви вітру й невеликі дощі на Тернопільщині,PER,EVENT,На Тернопільщині синоптики прогнозують пориви вітру й невеликі дощі,2026-06-14 20:19:00
синоптики,прогнозують,мінливу хмарність,PER,EVENT,На Тернопільщині синоптики прогнозують пориви вітру й невеликі дощі,2026-06-14 20:19:00
прогноз,дата,"15 червня, понеділок",EVENT,EVENT,На Тернопільщині синоптики прогнозують пориви вітру й невеликі дощі,2026-06-14 20:19:00
прогноз,місце,Тернопільщина,EVENT,LOC,На Тернопільщині синоптики прогнозують пориви вітру й невеликі дощі,2026-06-14 20:19:00
прогноз,рівень небезпечності,жовтий,EVENT,EVENT,На Тернопільщині синоптики прогнозують пориви вітру й невеликі дощі,2026-06-14 20:19:00
працівники Мезинського національного природного парку,облаштували,вольєр з фазанами,ORG,EVENT,"""Не тільки для дітей"": у національному природному парку на Чернігівщині створили нову локацію для відвідувачів",2026-06-14 20:18:04
Мезинський національний природний парк,знаходиться,Чернігівщина,ORG,LOC,"""Не тільки для дітей"": у національному природному парку на Чернігівщині створили нову локацію для відвідувачів",2026-06-14 20:18:04
нова локація,створюється для,залучення відвідувачів,LOC,EVENT,"""Не тільки для дітей"": у національному природному парку на Чернігівщині створили нову локацію для відвідувачів",2026-06-14 20:18:04
Тетяна Ліневич,розповіла про,полив помідорів,PER,EVENT,Догляд за помідорами у відкритому ґрунті — досвід городниці з Житомира,2026-06-14 20:15:22
Тетяна Ліневич,розповіла про,підживлення помідорів,PER,EVENT,Догляд за помідорами у відкритому ґрунті — досвід городниці з Житомира,2026-06-14 20:15:22
Тетяна Ліневич,розповіла про,обробку від хвороб помідорів,PER,EVENT,Догляд за помідорами у відкритому ґрунті — досвід городниці з Житомира,2026-06-14 20:15:22
Тетяна Ліневич,розповіла про,формування кущів помідорів,PER,EVENT,Догляд за помідорами у відкритому ґрунті — досвід городниці з Житомира,2026-06-14 20:15:22
Тетяна Ліневич,є городницею,Житомирськая,PER,LOC,Догляд за помідорами у відкритому ґрунті — досвід городниці з Житомира,2026-06-14 20:15:22
Липовець,організував,футбольний турнір,LOC,EVENT,У Липовці на Вінниччині відбувся футбольний турнір пам’яті полеглого захисника Юрія Мигуна,2026-06-14 20:15:09
футбольний турнір,присвячений,Юрій Мигун,EVENT,PER,У Липовці на Вінниччині відбувся футбольний турнір пам’яті полеглого захисника Юрія Мигуна,2026-06-14 20:15:09
Юрій Мигун,загинув,у третю річницю,PER,EVENT,У Липовці на Вінниччині відбувся футбольний турнір пам’яті полеглого захисника Юрія Мигуна,2026-06-14 20:15:09
спортивні змагання,відбулися на,міський стадіон,EVENT,LOC,У Липовці на Вінниччині відбувся футбольний турнір пам’яті полеглого захисника Юрія Мигуна,2026-06-14 20:15:09
спортивні змагання,відбулися у,14 травня,EVENT,EVENT,У Липовці на Вінниччині відбувся футбольний турнір пам’яті полеглого захисника Юрія Мигуна,2026-06-14 20:15:09
Ігор,займає посаду,старший солдат,PER,EVENT,"Дістав три поранення та 105 контузій: історія бійця 128 ОВМБр ""Дике Поле"", який безперервно був ""на нулі"" пів року",2026-06-14 20:15:00
Ігор,служить у,128 ОВМБр 'Дике Поле',PER,ORG,"Дістав три поранення та 105 контузій: історія бійця 128 ОВМБр ""Дике Поле"", який безперервно був ""на нулі"" пів року",2026-06-14 20:15:00
Ігор,перебуває на фронті,січень 2023 року,PER,EVENT,"Дістав три поранення та 105 контузій: історія бійця 128 ОВМБр ""Дике Поле"", який безперервно був ""на нулі"" пів року",2026-06-14 20:15:00
Ігор,пішов служити,після мобілізації молодшого брата,PER,EVENT,"Дістав три поранення та 105 контузій: історія бійця 128 ОВМБр ""Дике Поле"", який безперервно був ""на нулі"" пів року",2026-06-14 20:15:00
Ігор,переніс,105 контузій,PER,EVENT,"Дістав три поранення та 105 контузій: історія бійця 128 ОВМБр ""Дике Поле"", який безперервно був ""на нулі"" пів року",2026-06-14 20:15:00
Ігор,переніс,три поранення,PER,EVENT,"Дістав три поранення та 105 контузій: історія бійця 128 ОВМБр ""Дике Поле"", який безперервно був ""на нулі"" пів року",2026-06-14 20:15:00
Ігор,провів на позиції,шість місяців,PER,EVENT,"Дістав три поранення та 105 контузій: історія бійця 128 ОВМБр ""Дике Поле"", який безперервно був ""на нулі"" пів року",2026-06-14 20:15:00
ФК «Буковина»,засипав,чашу колишнього 50-метрового басейну,ORG,LOC,"Чому чашу колишнього 50-метрового басейну біля стадіону ""Буковина"" засипали землею",2026-06-14 20:14:54
чаша басейну,розташована біля,стадіону «Буковина»,LOC,LOC,"Чому чашу колишнього 50-метрового басейну біля стадіону ""Буковина"" засипали землею",2026-06-14 20:14:54
стадіон «Буковина»,розташований у,Чернівцях,LOC,LOC,"Чому чашу колишнього 50-метрового басейну біля стадіону ""Буковина"" засипали землею",2026-06-14 20:14:54
ФК «Буковина»,пояснив причину,реконструкцією футбольного поля,ORG,EVENT,"Чому чашу колишнього 50-метрового басейну біля стадіону ""Буковина"" засипали землею",2026-06-14 20:14:54
Донна Векич,є,хорватська тенісистка,PER,PER,Олімпійська віцечемпіонка виграла перший титул WTA за три роки: на турнір потрапила на відмові Костюк,2026-06-14 20:12:15
Донна Векич,здобула,перемога на турнірі WTA,PER,EVENT,Олімпійська віцечемпіонка виграла перший титул WTA за три роки: на турнір потрапила на відмові Костюк,2026-06-14 20:12:15
перемога,є,перша за три роки,EVENT,EVENT,Олімпійська віцечемпіонка виграла перший титул WTA за три роки: на турнір потрапила на відмові Костюк,2026-06-14 20:12:15
матч,відбувся,турнір WTA 500 в Лондоні,EVENT,EVENT,Олімпійська віцечемпіонка виграла перший титул WTA за три роки: на турнір потрапила на відмові Костюк,2026-06-14 20:12:15
Карина Канарян,розшукана,правоохоронцями,PER,ORG,На Кіровоградщині розшукали безвісти зниклу жінку Карину Канарян,2026-06-14 20:06:30
матір Карини Канарян,подала заяву,поліція,PER,ORG,На Кіровоградщині розшукали безвісти зниклу жінку Карину Канарян,2026-06-14 20:06:30
заяву про зникнення,подана,22 травня,EVENT,EVENT,На Кіровоградщині розшукали безвісти зниклу жінку Карину Канарян,2026-06-14 20:06:30
Оксана Ковтуненко,є речницею,поліція регіону,PER,ORG,На Кіровоградщині розшукали безвісти зниклу жінку Карину Канарян,2026-06-14 20:06:30
Оксана Ковтуненко,розповіла,Суспільному,PER,ORG,На Кіровоградщині розшукали безвісти зниклу жінку Карину Канарян,2026-06-14 20:06:30
Олександр Галай,походить з,Черкащина,PER,LOC,"""Я — чисто пейзажист"": історія художника з Черкащини",2026-06-14 20:05:00
Олександр Галай,є,художник,PER,PER,"""Я — чисто пейзажист"": історія художника з Черкащини",2026-06-14 20:05:00
Олександр Галай,пише,картини,PER,EVENT,"""Я — чисто пейзажист"": історія художника з Черкащини",2026-06-14 20:05:00
Олександр Галай,займається живописом,понад 30 років,PER,EVENT,"""Я — чисто пейзажист"": історія художника з Черкащини",2026-06-14 20:05:00
родина,хотіла,інший життєвий шлях для Олександра Галая,PER,EVENT,"""Я — чисто пейзажист"": історія художника з Черкащини",2026-06-14 20:05:00
картини Олександра Галая,зображають,краєвиди Монастирищини,EVENT,LOC,"""Я — чисто пейзажист"": історія художника з Черкащини",2026-06-14 20:05:00
Том Ванг,громадянин,Британія,PER,LOC,"""Найкраще в Одесі — це люди"": британець Том Ванг про перші дні життя в Одесі",2026-06-14 20:00:00
Том Ванг,переїхав до,Одеса,PER,LOC,"""Найкраще в Одесі — це люди"": британець Том Ванг про перші дні життя в Одесі",2026-06-14 20:00:00
Том Ванг,приїхав з,Лондон,PER,LOC,"""Найкраще в Одесі — це люди"": британець Том Ванг про перші дні життя в Одесі",2026-06-14 20:00:00
Том Ванг,час переїзду,майже два роки тому,PER,EVENT,"""Найкраще в Одесі — це люди"": британець Том Ванг про перші дні життя в Одесі",2026-06-14 20:00:00
Том Ванг,професія,викладач англійської мови,PER,PER,"""Найкраще в Одесі — це люди"": британець Том Ванг про перші дні життя в Одесі",2026-06-14 20:00:00
Том Ванг,викладає,математика,PER,PER,"""Найкраще в Одесі — це люди"": британець Том Ванг про перші дні життя в Одесі",2026-06-14 20:00:00
Том Ванг,викладає,природничі науки,PER,PER,"""Найкраще в Одесі — це люди"": британець Том Ванг про перші дні життя в Одесі",2026-06-14 20:00:00
воїн,звільнений з,полон,PER,EVENT,Наслідки атак та зустріч звільненого з полону воїна: як минув тиждень на Миколаївщині у фото,2026-06-14 19:53:48
виставка,про,безвісти зниклих у Кринках захисників,EVENT,PER,Наслідки атак та зустріч звільненого з полону воїна: як минув тиждень на Миколаївщині у фото,2026-06-14 19:53:48
захисники,безвісти зникли в,Кринки,PER,LOC,Наслідки атак та зустріч звільненого з полону воїна: як минув тиждень на Миколаївщині у фото,2026-06-14 19:53:48
ліквідація,наслідків,російські атаки,EVENT,EVENT,Наслідки атак та зустріч звільненого з полону воїна: як минув тиждень на Миколаївщині у фото,2026-06-14 19:53:48
кобила Жасмін,порятована,порятунок,PER,EVENT,Наслідки атак та зустріч звільненого з полону воїна: як минув тиждень на Миколаївщині у фото,2026-06-14 19:53:48
спортсменка миколаївська,встановила,світовий рекорд,PER,EVENT,Наслідки атак та зустріч звільненого з полону воїна: як минув тиждень на Миколаївщині у фото,2026-06-14 19:53:48
світлини,з,Миколаївщина,EVENT,LOC,Наслідки атак та зустріч звільненого з полону воїна: як минув тиждень на Миколаївщині у фото,2026-06-14 19:53:48
синоптики,прогнозують,хмарну з проясненнями погоду,PER,EVENT,Погода в Івано-Франківську та області 15 червня,2026-06-14 19:47:30
синоптики,прогнозують,помірний короткочасний дощ,PER,EVENT,Погода в Івано-Франківську та області 15 червня,2026-06-14 19:47:30
синоптики,прогнозують,грозу,PER,EVENT,Погода в Івано-Франківську та області 15 червня,2026-06-14 19:47:30
прогноз,стосується,Івано-Франківськ,EVENT,LOC,Погода в Івано-Франківську та області 15 червня,2026-06-14 19:47:30
прогноз,стосується,область,EVENT,LOC,Погода в Івано-Франківську та області 15 червня,2026-06-14 19:47:30
прогноз,дата,15 червня,EVENT,EVENT,Погода в Івано-Франківську та області 15 червня,2026-06-14 19:47:30
російський дрон,завдав удару,художний музей у Харкові,ORG,ORG,Як рятували картини у Харківському художньому музеї від пожежі після влучання: фоторепортаж,2026-06-14 19:40:25
художний музей,охоплений,вогонь на даху,ORG,EVENT,Як рятували картини у Харківському художньому музеї від пожежі після влучання: фоторепортаж,2026-06-14 19:40:25
у Харкові,рятували,картини,LOC,EVENT,Як рятували картини у Харківському художньому музеї від пожежі після влучання: фоторепортаж,2026-06-14 19:40:25
Суспільне Харків,опублікував,фоторепортаж,ORG,EVENT,Як рятували картини у Харківському художньому музеї від пожежі після влучання: фоторепортаж,2026-06-14 19:40:25
обласний центр з гідрометеорології,повідомив,гроза 14 червня,ORG,EVENT,На Кіровоградщині прогнозують грозу та шквальний вітер,2026-06-14 19:40:04
гроза,очікується,14 червня в найближчу годину,EVENT,EVENT,На Кіровоградщині прогнозують грозу та шквальний вітер,2026-06-14 19:40:04
шквальний вітер,очікується,місцями,EVENT,LOC,На Кіровоградщині прогнозують грозу та шквальний вітер,2026-06-14 19:40:04
шквальний вітер,має швидкість,15-20 метрів за секунду,EVENT,EVENT,На Кіровоградщині прогнозують грозу та шквальний вітер,2026-06-14 19:40:04
Мирослава Бучовська,була,зв'язкова УПА,PER,EVENT,"У музей на Тернопільщині передали речі, які вишивала зв’язкова УПА",2026-06-14 19:39:01
Мирослава Бучовська,вишивала,речі,PER,EVENT,"У музей на Тернопільщині передали речі, які вишивала зв’язкова УПА",2026-06-14 19:39:01
речі,передали,Шумський краєзнавчий музей,EVENT,ORG,"У музей на Тернопільщині передали речі, які вишивала зв’язкова УПА",2026-06-14 19:39:01
Шумський краєзнавчий музей,розташований,Тернопільщина,ORG,LOC,"У музей на Тернопільщині передали речі, які вишивала зв’язкова УПА",2026-06-14 19:39:01
Мирослава Бучовська,відбула,10 років у таборах ГУЛАГу,PER,EVENT,"У музей на Тернопільщині передали речі, які вишивала зв’язкова УПА",2026-06-14 19:39:01
Військові,допомогли евакуюватись,жінка,ORG,PER,"""Автостоп по-донбаськи"": військові на НРК підвезли до Краматорську літню жінку, яка пішли йшла з Костянтинівки",2026-06-14 19:32:29
жінка,з,Костянтинівка,PER,LOC,"""Автостоп по-донбаськи"": військові на НРК підвезли до Краматорську літню жінку, яка пішли йшла з Костянтинівки",2026-06-14 19:32:29
жінка,разом з,собаки,PER,PER,"""Автостоп по-донбаськи"": військові на НРК підвезли до Краматорську літню жінку, яка пішли йшла з Костянтинівки",2026-06-14 19:32:29
наземний роботизований комплекс,підвезли до,Дружківка,ORG,LOC,"""Автостоп по-донбаськи"": військові на НРК підвезли до Краматорську літню жінку, яка пішли йшла з Костянтинівки",2026-06-14 19:32:29
Військові,допомогли дістатись,Краматорськ,ORG,LOC,"""Автостоп по-донбаськи"": військові на НРК підвезли до Краматорську літню жінку, яка пішли йшла з Костянтинівки",2026-06-14 19:32:29
Інформація,опублікована на,93-я бригада,EVENT,ORG,"""Автостоп по-донбаськи"": військові на НРК підвезли до Краматорську літню жінку, яка пішли йшла з Костянтинівки",2026-06-14 19:32:29
Херсон,матиме погоду,мінлива хмарність,LOC,EVENT,Якою буде погода на Херсонщині 15 червня,2026-06-14 16:30:32
Херсонська область,матиме погоду,мінлива хмарність,LOC,EVENT,Якою буде погода на Херсонщині 15 червня,2026-06-14 16:30:32
синоптики,не прогнозують,опади,PER,EVENT,Якою буде погода на Херсонщині 15 червня,2026-06-14 16:30:32
мінлива хмарність,очікується,15 червня 2026 року,EVENT,EVENT,Якою буде погода на Херсонщині 15 червня,2026-06-14 16:30:32
Художній музей Харкова,потрапив під удар,дрона,ORG,EVENT,У Харкові — пряме влучання у художній музей: що відомо про наслідки,2026-06-14 19:22:04
удар дрона,стався,14 червня,EVENT,EVENT,У Харкові — пряме влучання у художній музей: що відомо про наслідки,2026-06-14 19:22:04
дах будівлі,загорівся,внаслідок удару,LOC,EVENT,У Харкові — пряме влучання у художній музей: що відомо про наслідки,2026-06-14 19:22:04
Харківський художній музей,став ціллю,російські військи,ORG,PER,"Харківський художній музей під час вторгнення: евакуйовували експонати, відновлювали пошкоджену будівлю",2026-06-14 19:21:44
російські військи,пошкодили,дах будівлі головного корпусу,PER,EVENT,"Харківський художній музей під час вторгнення: евакуйовували експонати, відновлювали пошкоджену будівлю",2026-06-14 19:21:44
дах будівлі,зайнявся,вогонь,ORG,EVENT,"Харківський художній музей під час вторгнення: евакуйовували експонати, відновлювали пошкоджену будівлю",2026-06-14 19:21:44
Харківський художній музей,зазнав пошкоджень,неодноразово,ORG,EVENT,"Харківський художній музей під час вторгнення: евакуйовували експонати, відновлювали пошкоджену будівлю",2026-06-14 19:21:44
Суспільне,розповідає про,евакуацію колекції,ORG,EVENT,"Харківський художній музей під час вторгнення: евакуйовували експонати, відновлювали пошкоджену будівлю",2026-06-14 19:21:44
Анатолій Курочка,працює у,Покровській громаді,PER,LOC,"Працює за 4 км від лінії зіткнення: газівника з Нікопольщини Анатолія Курочку нагородили орденом ""За мужність""",2026-06-14 19:19:35
Покровська громада,розташована у,Нікопольському районі,LOC,LOC,"Працює за 4 км від лінії зіткнення: газівника з Нікопольщини Анатолія Курочку нагородили орденом ""За мужність""",2026-06-14 19:19:35
Нікопольський район,розташований у,Дніпропетровщині,LOC,LOC,"Працює за 4 км від лінії зіткнення: газівника з Нікопольщини Анатолія Курочку нагородили орденом ""За мужність""",2026-06-14 19:19:35
Анатолій Курочка,отримав,"орден ""За мужність"" ІІІ ступеня",PER,EVENT,"Працює за 4 км від лінії зіткнення: газівника з Нікопольщини Анатолія Курочку нагородили орденом ""За мужність""",2026-06-14 19:19:35
Президент України,присвоїв орден,Анатолій Курочка,PER,PER,"Працює за 4 км від лінії зіткнення: газівника з Нікопольщини Анатолія Курочку нагородили орденом ""За мужність""",2026-06-14 19:19:35
Анатолій Курочка,працює у професії газівника,понад 20 років,PER,LOC,"Працює за 4 км від лінії зіткнення: газівника з Нікопольщини Анатолія Курочку нагородили орденом ""За мужність""",2026-06-14 19:19:35
Черкасець Артем,має позивний,Хуліган,PER,PER,"""Листи туди не передають"": батьки захисника з Черкас понад чотири роки чекають його з російського полону",2026-06-14 19:17:00
Черкасець Артем,долучився до,бригада Азов,PER,ORG,"""Листи туди не передають"": батьки захисника з Черкас понад чотири роки чекають його з російського полону",2026-06-14 19:17:00
Черкасець Артем,долучився у році,2018,PER,EVENT,"""Листи туди не передають"": батьки захисника з Черкас понад чотири роки чекають його з російського полону",2026-06-14 19:17:00
Черкасець Артем,служив як,бойовий медик,PER,PER,"""Листи туди не передають"": батьки захисника з Черкас понад чотири роки чекають його з російського полону",2026-06-14 19:17:00
Черкасець Артем,брав участь в,АТО,PER,EVENT,"""Листи туди не передають"": батьки захисника з Черкас понад чотири роки чекають його з російського полону",2026-06-14 19:17:00
Черкасець Артем,обороняв,Маріуполь,PER,LOC,"""Листи туди не передають"": батьки захисника з Черкас понад чотири роки чекають його з російського полону",2026-06-14 19:17:00
Черкасець Артем,обороняв у час,повномасштабне вторгнення,PER,EVENT,"""Листи туди не передають"": батьки захисника з Черкас понад чотири роки чекають його з російського полону",2026-06-14 19:17:00
Льюїс Гемілтон,є,британський пілот Формули-1,PER,PER,"""Виглядало неможливим"". Льюїс Гемілтон вперше виграв гонку Формули-1 в статусі пілота ""Феррарі""",2026-06-14 19:15:27
Льюїс Гемілтон,здобув першу перемогу на етапах Гран-прі у статусі пілота,Феррарі,PER,ORG,"""Виглядало неможливим"". Льюїс Гемілтон вперше виграв гонку Формули-1 в статусі пілота ""Феррарі""",2026-06-14 19:15:27
Артем Приходько,переїхав,Луцьк,PER,LOC,Як блогер-переселенець із Харкова закохався у Волинь і почав про неї розповідати у соцмережах,2026-06-14 19:10:00
Артем Приходько,переїхав з,Харків,PER,LOC,Як блогер-переселенець із Харкова закохався у Волинь і почав про неї розповідати у соцмережах,2026-06-14 19:10:00
Артем Приходько,знімає,маловідомі місця Волині,PER,LOC,Як блогер-переселенець із Харкова закохався у Волинь і почав про неї розповідати у соцмережах,2026-06-14 19:10:00
Артем Приходько,знімає,місцева історія,PER,EVENT,Як блогер-переселенець із Харкова закохався у Волинь і почав про неї розповідати у соцмережах,2026-06-14 19:10:00
Артем Приходько,знімає,екологічні теми,PER,EVENT,Як блогер-переселенець із Харкова закохався у Волинь і почав про неї розповідати у соцмережах,2026-06-14 19:10:00
російські війська,атакували,Бригадирівський округ Балаклійської громади,ORG,LOC,Росія вдарила по Балаклійській громаді на Харківщині: є постраждалі,2026-06-14 19:06:41
атака російських військ,сталася,14 червня 2026 року близько 17:20,EVENT,EVENT,Росія вдарила по Балаклійській громаді на Харківщині: є постраждалі,2026-06-14 19:06:41
атака,постраждали,двоє людей,EVENT,PER,Росія вдарила по Балаклійській громаді на Харківщині: є постраждалі,2026-06-14 19:06:41
атака,пошкодила,приватні будинки,EVENT,LOC,Росія вдарила по Балаклійській громаді на Харківщині: є постраждалі,2026-06-14 19:06:41
Олег Горяінов,описує,погоду в Антарктиці,PER,EVENT,"""До таких пейзажів я зовсім не звик"": полярник з Рівненщини Олег Горяінов розповів про адаптацію та роботу в Антарктиці",2026-06-14 19:05:21
Олег Горяінов,походить з,Рівненщина,PER,LOC,"""До таких пейзажів я зовсім не звик"": полярник з Рівненщини Олег Горяінов розповів про адаптацію та роботу в Антарктиці",2026-06-14 19:05:21
Олег Горяінов,є учасником,31 Українська антарктична експедиція,PER,EVENT,"""До таких пейзажів я зовсім не звик"": полярник з Рівненщини Олег Горяінов розповів про адаптацію та роботу в Антарктиці",2026-06-14 19:05:21
зима,розпочалась в,Антарктика,EVENT,LOC,"""До таких пейзажів я зовсім не звик"": полярник з Рівненщини Олег Горяінов розповів про адаптацію та роботу в Антарктиці",2026-06-14 19:05:21
Володимир Зеленський,телефоном привітав,американський лідер,PER,PER,Трамп і Путін домовились про візит до Москви Віткоффа та Кушнера,2026-06-14 19:04:37
Володимир Зеленський,привітав із,днем народження,PER,EVENT,Трамп і Путін домовились про візит до Москви Віткоффа та Кушнера,2026-06-14 19:04:37
Володимир Зеленський,обговорили,хід переговорів для закінчення війни РФ проти України,PER,EVENT,Трамп і Путін домовились про візит до Москви Віткоффа та Кушнера,2026-06-14 19:04:37
Володимир Зеленський,обговорили,дипломатичні кроки,PER,EVENT,Трамп і Путін домовились про візит до Москви Віткоффа та Кушнера,2026-06-14 19:04:37
РФ,веде,війна проти України,ORG,EVENT,Трамп і Путін домовились про візит до Москви Віткоффа та Кушнера,2026-06-14 19:04:37
армія РФ,атакувала,Золочів,ORG,LOC,FPV-дрон вдарив по Золочеву ввечері 14 червня: поранений працівник поліції,2026-06-14 18:59:25
армія РФ,атакувала за допомогою,FPV-дрон,ORG,EVENT,FPV-дрон вдарив по Золочеву ввечері 14 червня: поранений працівник поліції,2026-06-14 18:59:25
35-річний поліцейський,дістав,вибухове поранення,PER,EVENT,FPV-дрон вдарив по Золочеву ввечері 14 червня: поранений працівник поліції,2026-06-14 18:59:25
35-річний поліцейський,ушпиталили,лікувально-медичне закладання,PER,ORG,FPV-дрон вдарив по Золочеву ввечері 14 червня: поранений працівник поліції,2026-06-14 18:59:25
VIII ретроперегони,відбулися,Львів,EVENT,LOC,"Восьмі ретроперегони: автівки та мотоцикли проїхали трасою ""Львівський трикутник""",2026-06-14 18:54:48
VIII ретроперегони,відбулися,14 червня,EVENT,EVENT,"Восьмі ретроперегони: автівки та мотоцикли проїхали трасою ""Львівський трикутник""",2026-06-14 18:54:48
Учасники,проїхали,Львівський трикутник,PER,LOC,"Восьмі ретроперегони: автівки та мотоцикли проїхали трасою ""Львівський трикутник""",2026-06-14 18:54:48
Гран-прі Львова,відбулися,Львівський трикутник,EVENT,LOC,"Восьмі ретроперегони: автівки та мотоцикли проїхали трасою ""Львівський трикутник""",2026-06-14 18:54:48
Гран-прі Львова,були,1930 року,EVENT,EVENT,"Восьмі ретроперегони: автівки та мотоцикли проїхали трасою ""Львівський трикутник""",2026-06-14 18:54:48
Тайдзю Ґото,побив,найкращий результат у світі серед атлетів U18 на 400 м з бар'єрами,PER,EVENT,Японець двічі за два дні оновив 24-річний юніорський світовий рекорд U18 з бігу на 400 м з/б,2026-06-14 18:53:52
Тайдзю Ґото,має вік,17 років,PER,PER,Японець двічі за два дні оновив 24-річний юніорський світовий рекорд U18 з бігу на 400 м з/б,2026-06-14 18:53:52
Тайдзю Ґото,походить з,Японія,PER,LOC,Японець двічі за два дні оновив 24-річний юніорський світовий рекорд U18 з бігу на 400 м з/б,2026-06-14 18:53:52
Тайдзю Ґото,є,бігун,PER,PER,Японець двічі за два дні оновив 24-річний юніорський світовий рекорд U18 з бігу на 400 м з/б,2026-06-14 18:53:52
результат,встановлений на,національний чемпіонат,EVENT,EVENT,Японець двічі за два дні оновив 24-річний юніорський світовий рекорд U18 з бігу на 400 м з/б,2026-06-14 18:53:52
Тернопільська пожежно-рятувальна частина,відбулася,вечірка у стилі гендер-паті,ORG,EVENT,Гендер-паті у пожежній частині: тернопільський рятувальник дізнався про стать дитини,2026-06-14 18:48:31
Володимир Стойко,є рятувальником у,Тернопільська пожежно-рятувальна частина,PER,ORG,Гендер-паті у пожежній частині: тернопільський рятувальник дізнався про стать дитини,2026-06-14 18:48:31
Володимир Стойко,має дружину,Олесея,PER,PER,Гендер-паті у пожежній частині: тернопільський рятувальник дізнався про стать дитини,2026-06-14 18:48:31
Володимир Стойко та Олесея,очікують на народження,сина,PER,EVENT,Гендер-паті у пожежній частині: тернопільський рятувальник дізнався про стать дитини,2026-06-14 18:48:31
російські війська,атакували,Нікопольський район,ORG,LOC,"Один загиблий, троє поранених: війська РФ завдали понад 30 ударів дронами й артилерією по трьох районах Дніпропетровщини",2026-06-14 18:47:36
російські війська,атакували,Синельниківський район,ORG,LOC,"Один загиблий, троє поранених: війська РФ завдали понад 30 ударів дронами й артилерією по трьох районах Дніпропетровщини",2026-06-14 18:47:36
російські війська,атакували,Криворізький район,ORG,LOC,"Один загиблий, троє поранених: війська РФ завдали понад 30 ударів дронами й артилерією по трьох районах Дніпропетровщини",2026-06-14 18:47:36
російські війська,завдали,понад 30 ударів,ORG,EVENT,"Один загиблий, троє поранених: війська РФ завдали понад 30 ударів дронами й артилерією по трьох районах Дніпропетровщини",2026-06-14 18:47:36
людина,загинула,12 червня,PER,EVENT,"Один загиблий, троє поранених: війська РФ завдали понад 30 ударів дронами й артилерією по трьох районах Дніпропетровщини",2026-06-14 18:47:36
троє осіб,зазнали поранень,поранення,PER,EVENT,"Один загиблий, троє поранених: війська РФ завдали понад 30 ударів дронами й артилерією по трьох районах Дніпропетровщини",2026-06-14 18:47:36
Одещина,має попит на,електрики,LOC,PER,"""Сині комірці"" для Одещини: чому робітничі професії повертають престиж і кого найбільше потребує ринок праці",2026-06-14 18:42:00
Одещина,має попит на,зварювальники,LOC,PER,"""Сині комірці"" для Одещини: чому робітничі професії повертають престиж і кого найбільше потребує ринок праці",2026-06-14 18:42:00
Одещина,має попит на,будівельники,LOC,PER,"""Сині комірці"" для Одещини: чому робітничі професії повертають престиж і кого найбільше потребує ринок праці",2026-06-14 18:42:00
Одещина,має попит на,механіки,LOC,PER,"""Сині комірці"" для Одещини: чому робітничі професії повертають престиж і кого найбільше потребує ринок праці",2026-06-14 18:42:00
Одещина,має попит на,працівники сфери послуг,LOC,PER,"""Сині комірці"" для Одещини: чому робітничі професії повертають престиж і кого найбільше потребує ринок праці",2026-06-14 18:42:00
роботодавці,співпрацюють із,закладами профосвіти,PER,ORG,"""Сині комірці"" для Одещини: чому робітничі професії повертають престиж і кого найбільше потребує ринок праці",2026-06-14 18:42:00
роботодавці,пропонують роботу,студентам,PER,PER,"""Сині комірці"" для Одещини: чому робітничі професії повертають престиж і кого найбільше потребує ринок праці",2026-06-14 18:42:00
Росія,атакувала,Харків,ORG,LOC,Київський та Холодногірський райони Харкова атакували дрони: є інформація про пожежу,2026-06-14 18:36:51
атака,відбулася,14 червня 2026 року,EVENT,EVENT,Київський та Холодногірський райони Харкова атакували дрони: є інформація про пожежу,2026-06-14 18:36:51
атака,проведена,безпілотниками,EVENT,EVENT,Київський та Холодногірський райони Харкова атакували дрони: є інформація про пожежу,2026-06-14 18:36:51
заклад культури,спалахнув,Київський район,ORG,LOC,Київський та Холодногірський райони Харкова атакували дрони: є інформація про пожежу,2026-06-14 18:36:51
склади,пошкоджено,Холодногірський район,ORG,LOC,Київський та Холодногірський райони Харкова атакували дрони: є інформація про пожежу,2026-06-14 18:36:51
ЦВК,оголосила,остаточні результати,ORG,EVENT,ЦВК Вірменії оголосила остаточні результати парламентських виборів: партія Пашиняна перемогла і сама сформує уряд,2026-06-14 18:36:17
Громадянський договір,отримав,"49,74% голосів",ORG,EVENT,ЦВК Вірменії оголосила остаточні результати парламентських виборів: партія Пашиняна перемогла і сама сформує уряд,2026-06-14 18:36:17
Громадянський договір,матиме можливість,сформувати новий уряд,ORG,EVENT,ЦВК Вірменії оголосила остаточні результати парламентських виборів: партія Пашиняна перемогла і сама сформує уряд,2026-06-14 18:36:17
Сильна Вірменія,набрала,"23,27% голосів",ORG,EVENT,ЦВК Вірменії оголосила остаточні результати парламентських виборів: партія Пашиняна перемогла і сама сформує уряд,2026-06-14 18:36:17
Сильна Вірменія,очолює,Самвел Карапетян,ORG,PER,ЦВК Вірменії оголосила остаточні результати парламентських виборів: партія Пашиняна перемогла і сама сформує уряд,2026-06-14 18:36:17
фітофтора,є,небезпечна хвороба овочів,EVENT,EVENT,Фітофтора може знищити до 70% урожаю: як вчасно розпізнати хворобу і запобігти,2026-06-14 18:30:00
бурі плями на листках,можуть свідчити про,фітофтора,EVENT,EVENT,Фітофтора може знищити до 70% урожаю: як вчасно розпізнати хворобу і запобігти,2026-06-14 18:30:00
швидке відмирання рослин,можуть свідчити про,фітофтора,EVENT,EVENT,Фітофтора може знищити до 70% урожаю: як вчасно розпізнати хворобу і запобігти,2026-06-14 18:30:00
Експерт,розповів,про причини появи фітофтори,PER,EVENT,Фітофтора може знищити до 70% урожаю: як вчасно розпізнати хворобу і запобігти,2026-06-14 18:30:00
Експерт,розповів,про способи обробки врожаю,PER,EVENT,Фітофтора може знищити до 70% урожаю: як вчасно розпізнати хворобу і запобігти,2026-06-14 18:30:00
ДТП,сталася,Хусті,EVENT,LOC,Травмувався 46-річний чоловік: у Хусті на Закарпатті зіткнулися скутер і автомобіль,2026-06-14 18:26:24
ДТП,за участі,скутера,EVENT,ORG,Травмувався 46-річний чоловік: у Хусті на Закарпатті зіткнулися скутер і автомобіль,2026-06-14 18:26:24
ДТП,за участі,автомобіля,EVENT,ORG,Травмувався 46-річний чоловік: у Хусті на Закарпатті зіткнулися скутер і автомобіль,2026-06-14 18:26:24
46-річний чоловік,травмувався,аварія,PER,EVENT,Травмувався 46-річний чоловік: у Хусті на Закарпатті зіткнулися скутер і автомобіль,2026-06-14 18:26:24
46-річний чоловік,госпіталізували,Хустської центральної лікарні,PER,ORG,Травмувався 46-річний чоловік: у Хусті на Закарпатті зіткнулися скутер і автомобіль,2026-06-14 18:26:24
"благодійний фонд ""Все буде добре — Україна""",допомагає,самотнім літнім людям,ORG,PER,“Куди мені з палицею?” Як у Краматорську соцпрацівники допомагають самотнім літнім людям,2026-06-14 18:26:17
"благодійний фонд ""Все буде добре — Україна""",допомагає,людям з інвалідністю,ORG,PER,“Куди мені з палицею?” Як у Краматорську соцпрацівники допомагають самотнім літнім людям,2026-06-14 18:26:17
"благодійний фонд ""Все буде добре — Україна""",розташований у,Краматорську,ORG,LOC,“Куди мені з палицею?” Як у Краматорську соцпрацівники допомагають самотнім літнім людям,2026-06-14 18:26:17
збірна Марокко з футболу,участь у,Чемпіонат світу-2026,ORG,EVENT,Збірна Марокко виставила унікальний склад з народжених за кордоном у матчі ЧС-2026 з футболу: що він означає,2026-06-14 18:24:20
збірна Марокко з футболу,матч проти,Бразилія,ORG,ORG,Збірна Марокко виставила унікальний склад з народжених за кордоном у матчі ЧС-2026 з футболу: що він означає,2026-06-14 18:24:20
футболісти,народжені за межами,Марокко,PER,LOC,Збірна Марокко виставила унікальний склад з народжених за кордоном у матчі ЧС-2026 з футболу: що він означає,2026-06-14 18:24:20
випадок,є,перший в історії,EVENT,EVENT,Збірна Марокко виставила унікальний склад з народжених за кордоном у матчі ЧС-2026 з футболу: що він означає,2026-06-14 18:24:20
грози,очікуються,Запоріжжя,EVENT,LOC,Сильні пориви вітру та грози: якою буде погода у Запоріжжі та області 15 червня,2026-06-14 18:19:23
грози,очікуються,область,EVENT,LOC,Сильні пориви вітру та грози: якою буде погода у Запоріжжі та області 15 червня,2026-06-14 18:19:23
пориви вітру,очікуються,Запоріжжя,EVENT,LOC,Сильні пориви вітру та грози: якою буде погода у Запоріжжі та області 15 червня,2026-06-14 18:19:23
пориви вітру,мають швидкість,15-20 м/с,EVENT,EVENT,Сильні пориви вітру та грози: якою буде погода у Запоріжжі та області 15 червня,2026-06-14 18:19:23
І рівень небезпечності,є,жовтий,EVENT,EVENT,Сильні пориви вітру та грози: якою буде погода у Запоріжжі та області 15 червня,2026-06-14 18:19:23
погодні умови,можуть призвести до,пошкодження ліній електропередач,EVENT,EVENT,Сильні пориви вітру та грози: якою буде погода у Запоріжжі та області 15 червня,2026-06-14 18:19:23
погодні умови,можуть призвести до,падіння дерев,EVENT,EVENT,Сильні пориви вітру та грози: якою буде погода у Запоріжжі та області 15 червня,2026-06-14 18:19:23
погодні умови,можуть призвести до,збільшення ймовірності ДТП,EVENT,EVENT,Сильні пориви вітру та грози: якою буде погода у Запоріжжі та області 15 червня,2026-06-14 18:19:23
Молодший сержант Руслан Кійко,розповів,Суспільному,PER,ORG,"""Боремося за рідних і не маємо права здаватися"": історія військового Руслана Кійка з Вінниччини",2026-06-14 18:16:57
Молодший сержант Руслан Кійко,розповідав про,службу на різних напрямках фронту,PER,EVENT,"""Боремося за рідних і не маємо права здаватися"": історія військового Руслана Кійка з Вінниччини",2026-06-14 18:16:57
Молодший сержант Руслан Кійко,розповідав про,побратимів,PER,PER,"""Боремося за рідних і не маємо права здаватися"": історія військового Руслана Кійка з Вінниччини",2026-06-14 18:16:57
побратими,сприймаються як,друга сім'я,PER,PER,"""Боремося за рідних і не маємо права здаватися"": історія військового Руслана Кійка з Вінниччини",2026-06-14 18:16:57
Молодший сержант Руслан Кійко,має мрію про,перемогу,PER,EVENT,"""Боремося за рідних і не маємо права здаватися"": історія військового Руслана Кійка з Вінниччини",2026-06-14 18:16:57
Червень,є,час збору цвіту бузини,EVENT,EVENT,"Сезон бузини: як сушити цвіт, де не варто його збирати і як готувати бузиновий квас та чай",2026-06-14 18:14:12
цвіт бузини,використовується для,приготування чаю,LOC,EVENT,"Сезон бузини: як сушити цвіт, де не варто його збирати і як готувати бузиновий квас та чай",2026-06-14 18:14:12
цвіт бузини,використовується для,приготування квасу,LOC,EVENT,"Сезон бузини: як сушити цвіт, де не варто його збирати і як готувати бузиновий квас та чай",2026-06-14 18:14:12
цвіт бузини,заготовляють,на зиму,LOC,EVENT,"Сезон бузини: як сушити цвіт, де не варто його збирати і як готувати бузиновий квас та чай",2026-06-14 18:14:12
сировина,має бути,якісною,LOC,LOC,"Сезон бузини: як сушити цвіт, де не варто його збирати і як готувати бузиновий квас та чай",2026-06-14 18:14:12
напої,мають бути,ароматними,LOC,LOC,"Сезон бузини: як сушити цвіт, де не варто його збирати і як готувати бузиновий квас та чай",2026-06-14 18:14:12
"комунальні автобуси № 40, 53 та 54",змінять,маршрут,ORG,EVENT,Через ремонтні роботи у Франківську три комунальні автобуси тимчасово змінять напрямки руху,2026-06-14 18:08:52
ремонтні роботи,триватимуть на,вулиця Чорновола,EVENT,LOC,Через ремонтні роботи у Франківську три комунальні автобуси тимчасово змінять напрямки руху,2026-06-14 18:08:52
зміна маршруту,відбуватиметься у,Івано-Франківськ,EVENT,LOC,Через ремонтні роботи у Франківську три комунальні автобуси тимчасово змінять напрямки руху,2026-06-14 18:08:52
зміна маршруту,триватиме з,15 по 20 червня,EVENT,EVENT,Через ремонтні роботи у Франківську три комунальні автобуси тимчасово змінять напрямки руху,2026-06-14 18:08:52
Умань,провела,благодійний захід,LOC,EVENT,"""День без меж"": на Черкащині провели інклюзивний спортивний захід для дітей з особливими освітніми потребами",2026-06-14 18:01:00
благодійний захід,був проведений для,дітей з особливими освітніми потребами,EVENT,PER,"""День без меж"": на Черкащині провели інклюзивний спортивний захід для дітей з особливими освітніми потребами",2026-06-14 18:01:00
20 дітей,брали участь в,естафетах,PER,EVENT,"""День без меж"": на Черкащині провели інклюзивний спортивний захід для дітей з особливими освітніми потребами",2026-06-14 18:01:00
20 дітей,отримали,медалі-антистрес,PER,EVENT,"""День без меж"": на Черкащині провели інклюзивний спортивний захід для дітей з особливими освітніми потребами",2026-06-14 18:01:00
Російські безпілотники,атакували,Херсон,ORG,LOC,У Херсоні та Раківці через атаки дронів РФ поранені троє людей,2026-06-14 18:00:54
Російські безпілотники,атакували,Раківка,ORG,LOC,У Херсоні та Раківці через атаки дронів РФ поранені троє людей,2026-06-14 18:00:54
атака,мала місце,14 червня 2026 року,EVENT,EVENT,У Херсоні та Раківці через атаки дронів РФ поранені троє людей,2026-06-14 18:00:54
троє людей,поранені,атакою,PER,EVENT,У Херсоні та Раківці через атаки дронів РФ поранені троє людей,2026-06-14 18:00:54
співробітник поліції,поранений,атакою,PER,EVENT,У Херсоні та Раківці через атаки дронів РФ поранені троє людей,2026-06-14 18:00:54
Андрій Михно,вразив,майже тисячу цілей противника,PER,EVENT,"Майже тисяча вражених цілей РФ та звання Герой України посмертно: історія бійця підрозділу ""Птахи Мадяра"" Андрія Михна",2026-06-14 18:00:20
Андрій Михно,був командиром роти,роти ударних БпЛА 414-ї бригади,PER,ORG,"Майже тисяча вражених цілей РФ та звання Герой України посмертно: історія бійця підрозділу ""Птахи Мадяра"" Андрія Михна",2026-06-14 18:00:20
414-та бригада,відома як,Птахи Мадяра,ORG,ORG,"Майже тисяча вражених цілей РФ та звання Герой України посмертно: історія бійця підрозділу ""Птахи Мадяра"" Андрія Михна",2026-06-14 18:00:20
Андрій Михно,мав звання,молодший лейтенант,PER,EVENT,"Майже тисяча вражених цілей РФ та звання Герой України посмертно: історія бійця підрозділу ""Птахи Мадяра"" Андрія Михна",2026-06-14 18:00:20
Андрій Михно,посмертно присвоєно звання,Герой України,PER,EVENT,"Майже тисяча вражених цілей РФ та звання Герой України посмертно: історія бійця підрозділу ""Птахи Мадяра"" Андрія Михна",2026-06-14 18:00:20
Євген Коновалець,народився,14 червня,PER,EVENT,До 135-річчя Євгена Коновальця у Житомирі відкрили мурал на його честь,2026-06-14 17:59:29
Євген Коновалець,був,"український державний, військовий та політичний діяч",PER,PER,До 135-річчя Євгена Коновальця у Житомирі відкрили мурал на його честь,2026-06-14 17:59:29
Євген Коновалець,мав звання,полковник Армії УНР,PER,PER,До 135-річчя Євгена Коновальця у Житомирі відкрили мурал на його честь,2026-06-14 17:59:29
Євген Коновалець,командував,Січові Стрільці,PER,ORG,До 135-річчя Євгена Коновальця у Житомирі відкрили мурал на його честь,2026-06-14 17:59:29
мурал на честь Євгена Коновальця,відкрили,у Житомирі,PER,LOC,До 135-річчя Євгена Коновальця у Житомирі відкрили мурал на його честь,2026-06-14 17:59:29
мурал,присвячений,135 річниці народження Євгена Коновальця,PER,EVENT,До 135-річчя Євгена Коновальця у Житомирі відкрили мурал на його честь,2026-06-14 17:59:29
Дмитро Литвин,підтвердив,інформацію,PER,EVENT,Зеленський і Трамп поговорили телефоном: домовились зустрітись на полях саміту G7 у Франції,2026-06-14 17:57:21
Дмитро Литвин,є радником з комунікацій,президент України,PER,PER,Зеленський і Трамп поговорили телефоном: домовились зустрітись на полях саміту G7 у Франції,2026-06-14 17:57:21
Володимир Зеленський,заявив,домовленість із Дональдом Трампом,PER,EVENT,Зеленський і Трамп поговорили телефоном: домовились зустрітись на полях саміту G7 у Франції,2026-06-14 17:57:21
Володимир Зеленський,домовився зустрітись,Дональд Трамп,PER,PER,Зеленський і Трамп поговорили телефоном: домовились зустрітись на полях саміту G7 у Франції,2026-06-14 17:57:21
зустріч,відбудеться на,самміт G7,EVENT,EVENT,Зеленський і Трамп поговорили телефоном: домовились зустрітись на полях саміту G7 у Франції,2026-06-14 17:57:21
самміт G7,відбувається у,Франція,EVENT,LOC,Зеленський і Трамп поговорили телефоном: домовились зустрітись на полях саміту G7 у Франції,2026-06-14 17:57:21
Сотні людей,зібралися,Пляшева,PER,LOC,375 річниця: загиблих у битві під Берестечком козаків вшанували на Рівненщині,2026-06-14 17:56:37
Пляшева,знаходиться,Рівненщина,LOC,LOC,375 річниця: загиблих у битві під Берестечком козаків вшанували на Рівненщині,2026-06-14 17:56:37
Сотні людей,вшановували,козаки,PER,PER,375 річниця: загиблих у битві під Берестечком козаків вшанували на Рівненщині,2026-06-14 17:56:37
козаки,загинули,Берестецька битва,PER,EVENT,375 річниця: загиблих у битві під Берестечком козаків вшанували на Рівненщині,2026-06-14 17:56:37
Берестецька битва,сталася,1651 рік,EVENT,EVENT,375 річниця: загиблих у битві під Берестечком козаків вшанували на Рівненщині,2026-06-14 17:56:37
Берестецька битва,є частиною,Національно-визвольна війна,EVENT,EVENT,375 річниця: загиблих у битві під Берестечком козаків вшанували на Рівненщині,2026-06-14 17:56:37
Національно-визвольна війна,вела,Хмельницький,EVENT,PER,375 річниця: загиблих у битві під Берестечком козаків вшанували на Рівненщині,2026-06-14 17:56:37
синоптики,прогнозують,"дощі, грози та туман",PER,EVENT,"Похолодання, дощі та грози: якою буде погода на Сумщині найближчими днями",2026-06-14 17:52:25
область та Суми,оголосили,І рівень небезпечності,LOC,EVENT,"Похолодання, дощі та грози: якою буде погода на Сумщині найближчими днями",2026-06-14 17:52:25
І рівень небезпечності,оголошений через,грозу,EVENT,EVENT,"Похолодання, дощі та грози: якою буде погода на Сумщині найближчими днями",2026-06-14 17:52:25
Температура повітря,коливатиметься,+18° до +24°,PER,PER,"Похолодання, дощі та грози: якою буде погода на Сумщині найближчими днями",2026-06-14 17:52:25
Василь Муравицький,має вік,82 роки,PER,EVENT,Майже 100 вишитих виробів за життя: історія 82-річного майстра з Чоповичів,2026-06-14 17:50:39
Василь Муравицький,походить з,Чоповичи,PER,LOC,Майже 100 вишитих виробів за життя: історія 82-річного майстра з Чоповичів,2026-06-14 17:50:39
Василь Муравицький,займався,вишивка,PER,EVENT,Майже 100 вишитих виробів за життя: історія 82-річного майстра з Чоповичів,2026-06-14 17:50:39
Василь Муравицький,займався протягом,понад пів століття,PER,EVENT,Майже 100 вишитих виробів за життя: історія 82-річного майстра з Чоповичів,2026-06-14 17:50:39
Василь Муравицький,створив,майже 100 виробів,PER,EVENT,Майже 100 вишитих виробів за життя: історія 82-річного майстра з Чоповичів,2026-06-14 17:50:39
частина виробів,зберігається,за кордоном,PER,LOC,Майже 100 вишитих виробів за життя: історія 82-річного майстра з Чоповичів,2026-06-14 17:50:39
українські сили,атакували,Чонгарський міст,ORG,LOC,"Мости, нафтобаза і ""Кримський Титан"": що уразили ЗСУ в окупованому Криму за тиждень",2026-06-14 17:50:24
українські сили,уразили,понтонна переправа,ORG,LOC,"Мости, нафтобаза і ""Кримський Титан"": що уразили ЗСУ в окупованому Криму за тиждень",2026-06-14 17:50:24
українські сили,уразили,залізничний міст,ORG,LOC,"Мости, нафтобаза і ""Кримський Титан"": що уразили ЗСУ в окупованому Криму за тиждень",2026-06-14 17:50:24
українські сили,уразили,нафтобаза у Гвардійському,ORG,LOC,"Мости, нафтобаза і ""Кримський Титан"": що уразили ЗСУ в окупованому Криму за тиждень",2026-06-14 17:50:24
українські сили,уразили,завод Кримський Титан,ORG,ORG,"Мости, нафтобаза і ""Кримський Титан"": що уразили ЗСУ в окупованому Криму за тиждень",2026-06-14 17:50:24
завод Кримський Титан,розташований у,Армянськ,ORG,LOC,"Мости, нафтобаза і ""Кримський Титан"": що уразили ЗСУ в окупованому Криму за тиждень",2026-06-14 17:50:24
удари,впливають на,логістика РФ,EVENT,EVENT,"Мости, нафтобаза і ""Кримський Титан"": що уразили ЗСУ в окупованому Криму за тиждень",2026-06-14 17:50:24
удари,впливають на,ізоляція Криму,EVENT,EVENT,"Мости, нафтобаза і ""Кримський Титан"": що уразили ЗСУ в окупованому Криму за тиждень",2026-06-14 17:50:24
Вінницька громада,передбачена допомога,200 гривень за одну бджолосім'ю,ORG,EVENT,У Вінницькій громаді 11 пасічників отримають фінансову підтримку,2026-06-14 17:49:46
допомога,становить,200 гривень за одну бджолосім'ю,EVENT,EVENT,У Вінницькій громаді 11 пасічників отримають фінансову підтримку,2026-06-14 17:49:46
допомога,не більше ніж,30 тисяч гривень на одного отримувача,EVENT,EVENT,У Вінницькій громаді 11 пасічників отримають фінансову підтримку,2026-06-14 17:49:46
Гана,заявила про намір подати позов,федеральний суд Канади,ORG,ORG,Уряд Гани позиватиметься до суду через заборону на в'їзд лідера збірної до Канади на матч ЧС-2026 з футболу,2026-06-14 17:45:38
рішення про заборону в'їзду,стосується,Томас Партей,EVENT,PER,Уряд Гани позиватиметься до суду через заборону на в'їзд лідера збірної до Канади на матч ЧС-2026 з футболу,2026-06-14 17:45:38
рішення про заборону в'їзду,характеризується як,вкрай несправедливе,EVENT,EVENT,Уряд Гани позиватиметься до суду через заборону на в'їзд лідера збірної до Канади на матч ЧС-2026 з футболу,2026-06-14 17:45:38
Донецька область,матиме,мінливу хмарність та дощ,LOC,EVENT,Мінлива хмарність та дощ: прогноз погоди у Донецькій області на 15 червня,2026-06-14 17:45:06
Донецька область,матиме,грозу,LOC,EVENT,Мінлива хмарність та дощ: прогноз погоди у Донецькій області на 15 червня,2026-06-14 17:45:06
Український гідрометеорологічний центр,повідомив,прогноз погоди,ORG,EVENT,Мінлива хмарність та дощ: прогноз погоди у Донецькій області на 15 червня,2026-06-14 17:45:06
Дніпро,припинять подачу,електроенергія,LOC,EVENT,У Дніпрі та Жовтих Водах 15 червня не буде світла через ремонтні роботи: адреси,2026-06-14 17:45:00
Жовті Води,припинять подачу,електроенергія,LOC,EVENT,У Дніпрі та Жовтих Водах 15 червня не буде світла через ремонтні роботи: адреси,2026-06-14 17:45:00
ремонтні роботи,відбуватимуться,15 червня,EVENT,EVENT,У Дніпрі та Жовтих Водах 15 червня не буде світла через ремонтні роботи: адреси,2026-06-14 17:45:00
полуниця,плодоносить,активно,LOC,EVENT,Як боротися з хворобами та шкідниками полуниці: поради городниці з Буковини,2026-06-14 17:39:08
городники,стикаються з,хворобами та шкідниками,PER,EVENT,Як боротися з хворобами та шкідниками полуниці: поради городниці з Буковини,2026-06-14 17:39:08
городниця,походить з,Буковини,PER,LOC,Як боротися з хворобами та шкідниками полуниці: поради городниці з Буковини,2026-06-14 17:39:08
городниця,розповідає про,боротьба з хворобами та шкідниками полуниці,PER,EVENT,Як боротися з хворобами та шкідниками полуниці: поради городниці з Буковини,2026-06-14 17:39:08
Миколаївщина,матиме відключення електропостачання,деякі вулиці,LOC,LOC,Планові відключення світла на Миколаївщині 15 червня,2026-06-14 17:38:46
відключення електропостачання,відбудеться,15 червня,EVENT,EVENT,Планові відключення світла на Миколаївщині 15 червня,2026-06-14 17:38:46
відключення електропостачання,пов'язано із,ремонтні роботи,EVENT,EVENT,Планові відключення світла на Миколаївщині 15 червня,2026-06-14 17:38:46
відключення електропостачання,пов'язано із,реконструкції,EVENT,EVENT,Планові відключення світла на Миколаївщині 15 червня,2026-06-14 17:38:46
відключення електропостачання,пов'язано із,технічне обслуговування,EVENT,EVENT,Планові відключення світла на Миколаївщині 15 червня,2026-06-14 17:38:46
степові екосистеми,допомагають стримувати,опустелювання південної Одещини,LOC,EVENT,Степ замість пустелі: як Тарутинський степ допомагає стримувати опустелювання півдня Одещини,2026-06-14 17:37:00
степові екосистеми,зберігають,вологу,LOC,LOC,Степ замість пустелі: як Тарутинський степ допомагає стримувати опустелювання півдня Одещини,2026-06-14 17:37:00
степові екосистеми,накопичують,вуглець,LOC,LOC,Степ замість пустелі: як Тарутинський степ допомагає стримувати опустелювання півдня Одещини,2026-06-14 17:37:00
степові екосистеми,захищають,ґрунти від ерозії,LOC,LOC,Степ замість пустелі: як Тарутинський степ допомагає стримувати опустелювання півдня Одещини,2026-06-14 17:37:00
Науковці та природоохоронці,наголошують,факти про степові екосистеми,PER,EVENT,Степ замість пустелі: як Тарутинський степ допомагає стримувати опустелювання півдня Одещини,2026-06-14 17:37:00
містяни,не мають,воду,PER,EVENT,У Полтаві проводять аварійні роботи: де тимчасово немає води,2026-06-14 17:30:00
воду,немає з,11:00,PER,EVENT,У Полтаві проводять аварійні роботи: де тимчасово немає води,2026-06-14 17:30:00
Полтававодоканал,працює над,ліквідацією аварії,ORG,EVENT,У Полтаві проводять аварійні роботи: де тимчасово немає води,2026-06-14 17:30:00
Фахівці,працюють у,Полтававодоканал,PER,ORG,У Полтаві проводять аварійні роботи: де тимчасово немає води,2026-06-14 17:30:00
Відключення,триватиме до,завершення аварійно-відновлювальних робіт,EVENT,EVENT,У Полтаві проводять аварійні роботи: де тимчасово немає води,2026-06-14 17:30:00
Кіровоградська область,надходить дзвінків на екстрені номери,200-300 дзвінків,LOC,EVENT,Чи приїдуть знімати кота з дерева: коли рятувальники Кіровоградщини виїжджають на допомогу,2026-06-14 17:29:05
дзвінки,стосуються,пожежі й аварії,EVENT,EVENT,Чи приїдуть знімати кота з дерева: коли рятувальники Кіровоградщини виїжджають на допомогу,2026-06-14 17:29:05
половина дзвінків,не належить,компетенція рятувальників,EVENT,ORG,Чи приїдуть знімати кота з дерева: коли рятувальники Кіровоградщини виїжджають на допомогу,2026-06-14 17:29:05
екстрені номери,є,101 і 112,ORG,ORG,Чи приїдуть знімати кота з дерева: коли рятувальники Кіровоградщини виїжджають на допомогу,2026-06-14 17:29:05
Львів,створюють,"лікарню ""Милосердя""",LOC,ORG,"""Гідно закінчити життя"". Як у Львові надають паліативну допомогу важкохворим пацієнтам",2026-06-14 17:17:00
реформа медичної системи,передбачає,"створення лікарні ""Милосердя""",EVENT,EVENT,"""Гідно закінчити життя"". Як у Львові надають паліативну допомогу важкохворим пацієнтам",2026-06-14 17:17:00
паліативна допомога,працює у,Львівській громаді,EVENT,LOC,"""Гідно закінчити життя"". Як у Львові надають паліативну допомогу важкохворим пацієнтам",2026-06-14 17:17:00
Суспільне,публікує матеріал про,паліативну допомогу у Львівській громаді,ORG,EVENT,"""Гідно закінчити життя"". Як у Львові надають паліативну допомогу важкохворим пацієнтам",2026-06-14 17:17:00
стінопис,створили,на стіні однієї з багатоповерхівок Черкас,EVENT,LOC,"""Чекаємо повернення додому"": у Черкасах створили мурал на честь Євгена Коновальця",2026-06-14 17:17:00
стінопис,створили на честь,Євгена Коновальця,EVENT,PER,"""Чекаємо повернення додому"": у Черкасах створили мурал на честь Євгена Коновальця",2026-06-14 17:17:00
Євген Коновалець,був полковником,армія Української народної республіки,PER,ORG,"""Чекаємо повернення додому"": у Черкасах створили мурал на честь Євгена Коновальця",2026-06-14 17:17:00
стінопис,знаходиться на,Черкаси,EVENT,LOC,"""Чекаємо повернення додому"": у Черкасах створили мурал на честь Євгена Коновальця",2026-06-14 17:17:00
Волинський обласний центр соцслужб,є базою для,безплатна гаряча лінія,ORG,EVENT,"Як на Волині працює ""гаряча лінія"" з питань усиновлення і взяття під опіку дітей",2026-06-14 17:15:00
безплатна гаряча лінія,призначена для,"люди, які хочуть всиновити дитину",EVENT,PER,"Як на Волині працює ""гаряча лінія"" з питань усиновлення і взяття під опіку дітей",2026-06-14 17:15:00
безплатна гаряча лінія,допомагає з,оформлення опіки,EVENT,EVENT,"Як на Волині працює ""гаряча лінія"" з питань усиновлення і взяття під опіку дітей",2026-06-14 17:15:00
безплатна гаряча лінія,допомагає з,створення патронатної родини,EVENT,EVENT,"Як на Волині працює ""гаряча лінія"" з питань усиновлення і взяття під опіку дітей",2026-06-14 17:15:00
Харківщина,матиме опади,дощ,LOC,EVENT,Тиждень почнеться з дощу та грози: детальний прогноз погоди на 15-17 червня для Харкова й області,2026-06-14 17:14:38
синоптики,прогнозують,гроза,PER,EVENT,Тиждень почнеться з дощу та грози: детальний прогноз погоди на 15-17 червня для Харкова й області,2026-06-14 17:14:38
гроза,супроводжуватиме,град та шквали вітру,EVENT,EVENT,Тиждень почнеться з дощу та грози: детальний прогноз погоди на 15-17 червня для Харкова й області,2026-06-14 17:14:38
шквали вітру,матимуть силу,15-20 м/с,EVENT,EVENT,Тиждень почнеться з дощу та грози: детальний прогноз погоди на 15-17 червня для Харкова й області,2026-06-14 17:14:38
температура,становитиме,+25°,EVENT,EVENT,Тиждень почнеться з дощу та грози: детальний прогноз погоди на 15-17 червня для Харкова й області,2026-06-14 17:14:38
Рудольф Дзуринець,є директором,Закарпатський драмтеатр,PER,ORG,"""Люди йдуть в театр за емоціями — ми їм це даруємо"", — Рудольф Дзуринець",2026-06-14 17:08:57
Рудольф Дзуринець,є ветераном,російсько-українська війна,PER,EVENT,"""Люди йдуть в театр за емоціями — ми їм це даруємо"", — Рудольф Дзуринець",2026-06-14 17:08:57
Рудольф Дзуринець,розповів про,премьєрні вистави,PER,EVENT,"""Люди йдуть в театр за емоціями — ми їм це даруємо"", — Рудольф Дзуринець",2026-06-14 17:08:57
Рудольф Дзуринець,розповів про,закриття 105-го театрального сезону,PER,EVENT,"""Люди йдуть в театр за емоціями — ми їм це даруємо"", — Рудольф Дзуринець",2026-06-14 17:08:57
Рудольф Дзуринець,розповів про,робота акторів,PER,EVENT,"""Люди йдуть в театр за емоціями — ми їм це даруємо"", — Рудольф Дзуринець",2026-06-14 17:08:57
Рудольф Дзуринець,розповів про,модернізація театру,PER,EVENT,"""Люди йдуть в театр за емоціями — ми їм це даруємо"", — Рудольф Дзуринець",2026-06-14 17:08:57
Рудольф Дзуринець,розповів про,період адаптації,PER,EVENT,"""Люди йдуть в театр за емоціями — ми їм це даруємо"", — Рудольф Дзуринець",2026-06-14 17:08:57
Збірна Японії,зіграла,Збірна Словенії,ORG,ORG,Японія перемогла Словенію у матчі лідерів Ліги націй з волейболу: таблиця,2026-06-14 17:04:48
Збірна Японії,брала участь у,чоловіча Ліга націй з волейболу,ORG,EVENT,Японія перемогла Словенію у матчі лідерів Ліги націй з волейболу: таблиця,2026-06-14 17:04:48
Збірна Словенії,брала участь у,чоловіча Ліга націй з волейболу,ORG,EVENT,Японія перемогла Словенію у матчі лідерів Ліги націй з волейболу: таблиця,2026-06-14 17:04:48
Збірна Японії,не програвала на,турнір 2026 року,ORG,EVENT,Японія перемогла Словенію у матчі лідерів Ліги націй з волейболу: таблиця,2026-06-14 17:04:48
Збірна Словенії,не програвала на,турнір 2026 року,ORG,EVENT,Японія перемогла Словенію у матчі лідерів Ліги націй з волейболу: таблиця,2026-06-14 17:04:48
Тарас Рудик,вирощує,понад 70 сортів гортензій,PER,EVENT,"""Цвіте два місяці"". Як подарунок дружині перетворився на господарство з понад 70 сортів гортензій на Івано-Франківщині",2026-06-14 17:00:02
Оксана Рудик,вирощує,понад 70 сортів гортензій,PER,EVENT,"""Цвіте два місяці"". Як подарунок дружині перетворився на господарство з понад 70 сортів гортензій на Івано-Франківщині",2026-06-14 17:00:02
Тарас та Оксана Рудики,живцюють,гортензії,PER,EVENT,"""Цвіте два місяці"". Як подарунок дружині перетворився на господарство з понад 70 сортів гортензій на Івано-Франківщині",2026-06-14 17:00:02
Тарас та Оксана Рудики,будують,спеціальну теплицю,PER,EVENT,"""Цвіте два місяці"". Як подарунок дружині перетворився на господарство з понад 70 сортів гортензій на Івано-Франківщині",2026-06-14 17:00:02
Тарас та Оксана Рудики,продають,саджанці по всій Україні,PER,EVENT,"""Цвіте два місяці"". Як подарунок дружині перетворився на господарство з понад 70 сортів гортензій на Івано-Франківщині",2026-06-14 17:00:02
Тарас та Оксана Рудики,мешкають у,селі Вільшаниця,PER,LOC,"""Цвіте два місяці"". Як подарунок дружині перетворився на господарство з понад 70 сортів гортензій на Івано-Франківщині",2026-06-14 17:00:02
село Вільшаниця,розташоване на,Франківщині,LOC,LOC,"""Цвіте два місяці"". Як подарунок дружині перетворився на господарство з понад 70 сортів гортензій на Івано-Франківщині",2026-06-14 17:00:02
Всесвітній день донора,відзначають,14 червня,EVENT,EVENT,"""Це мій особистий внесок у порятунок життів"". П’ятьом жителям Дніпропетровщини присвоїли звання ""Почесний донор України""",2026-06-14 17:00:00
п'ять людей,удостоїли звання,Почесний донор України,PER,EVENT,"""Це мій особистий внесок у порятунок життів"". П’ятьом жителям Дніпропетровщини присвоїли звання ""Почесний донор України""",2026-06-14 17:00:00
п'ять людей,жили на,Дніпропетровщина,PER,LOC,"""Це мій особистий внесок у порятунок життів"". П’ятьом жителям Дніпропетровщини присвоїли звання ""Почесний донор України""",2026-06-14 17:00:00
Наталія Ванюхіна,працює,центр екстреної медицини,PER,ORG,"""Це мій особистий внесок у порятунок життів"". П’ятьом жителям Дніпропетровщини присвоїли звання ""Почесний донор України""",2026-06-14 17:00:00
Наталія Ванюхіна,має посаду,старша парамедикиня,PER,PER,"""Це мій особистий внесок у порятунок життів"". П’ятьом жителям Дніпропетровщини присвоїли звання ""Почесний донор України""",2026-06-14 17:00:00
РФ,здійснила ракетний удар,Чернігів,ORG,LOC,"Донорство крові: як підготуватися, які є протипоказання та міфи про процедуру",2026-06-14 16:47:55
ракетний удар,відбувся,17 квітня,EVENT,EVENT,"Донорство крові: як підготуватися, які є протипоказання та міфи про процедуру",2026-06-14 16:47:55
потреба в донорській крові,закрита за,півтори години,EVENT,EVENT,"Донорство крові: як підготуватися, які є протипоказання та міфи про процедуру",2026-06-14 16:47:55
обстріл,актуалізував,важливість бути донором крові,EVENT,EVENT,"Донорство крові: як підготуватися, які є протипоказання та міфи про процедуру",2026-06-14 16:47:55
ЦАХАЛ,заявили,удару було завдано у відповідь на запуск угрупуванням безпілотників у бік Ізраїлю,ORG,EVENT,"У ЦАХАЛ заявили, що авіація Ізраїлю вдарила по командному пункту ""Хезболли"" на півдні Бейрута",2026-06-14 16:47:36
угрупування,запустило,безпілотники у бік Ізраїлю,ORG,EVENT,"У ЦАХАЛ заявили, що авіація Ізраїлю вдарила по командному пункту ""Хезболли"" на півдні Бейрута",2026-06-14 16:47:36
один із дронів,упав,поряд із житловими будинками у місті Шломі,EVENT,LOC,"У ЦАХАЛ заявили, що авіація Ізраїлю вдарила по командному пункту ""Хезболли"" на півдні Бейрута",2026-06-14 16:47:36
місто Шломі,є,прикордонним містом,LOC,LOC,"У ЦАХАЛ заявили, що авіація Ізраїлю вдарила по командному пункту ""Хезболли"" на півдні Бейрута",2026-06-14 16:47:36
ціни на продукти харчування та безалкогольні напої,зросли,"0,9%",EVENT,EVENT,"Фрукти подорожчали, яйця — подешевшали: які ціни були у травні на Вінниччині на товари й послуги",2026-06-14 16:47:00
фрукти,подорожчали,"11,6%",EVENT,EVENT,"Фрукти подорожчали, яйця — подешевшали: які ціни були у травні на Вінниччині на товари й послуги",2026-06-14 16:47:00
підвищення цін,відбулось,Вінниччина,EVENT,LOC,"Фрукти подорожчали, яйця — подешевшали: які ціни були у травні на Вінниччині на товари й послуги",2026-06-14 16:47:00
підвищення цін,відбулось,травень,EVENT,EVENT,"Фрукти подорожчали, яйця — подешевшали: які ціни були у травні на Вінниччині на товари й послуги",2026-06-14 16:47:00
Ксенія Жирна,є,друга загибла працівниця залізниці,PER,EVENT,Ксенія Жирна — друга загибла працівниця залізниці через атаку РФ у Шосткинській громаді,2026-06-14 13:43:01
Ксенія Жирна,має вік,33 роки,PER,EVENT,Ксенія Жирна — друга загибла працівниця залізниці через атаку РФ у Шосткинській громаді,2026-06-14 13:43:01
Росіяни,атакували,залізничну інфраструктуру,PER,EVENT,Ксенія Жирна — друга загибла працівниця залізниці через атаку РФ у Шосткинській громаді,2026-06-14 13:43:01
Росіяни,використовували,безпілотники,PER,EVENT,Ксенія Жирна — друга загибла працівниця залізниці через атаку РФ у Шосткинській громаді,2026-06-14 13:43:01
атака,сталася у,Шосткинській громаді,EVENT,LOC,Ксенія Жирна — друга загибла працівниця залізниці через атаку РФ у Шосткинській громаді,2026-06-14 13:43:01
Шосткинська громада,розташована на,Сумщині,LOC,LOC,Ксенія Жирна — друга загибла працівниця залізниці через атаку РФ у Шосткинській громаді,2026-06-14 13:43:01
атака,сталася,12 червня,EVENT,EVENT,Ксенія Жирна — друга загибла працівниця залізниці через атаку РФ у Шосткинській громаді,2026-06-14 13:43:01
благодійно-освітній захід КиївПрайд Парк,відбувся,Київ,EVENT,LOC,"Збір на захист неба та підготовка до Маршу рівності: як пройшов ""КиївПрайд Парк""",2026-06-14 16:37:42
КиївПрайд Парк,включав,лекції,EVENT,EVENT,"Збір на захист неба та підготовка до Маршу рівності: як пройшов ""КиївПрайд Парк""",2026-06-14 16:37:42
КиївПрайд Парк,включав,майстерні,EVENT,EVENT,"Збір на захист неба та підготовка до Маршу рівності: як пройшов ""КиївПрайд Парк""",2026-06-14 16:37:42
КиївПрайд Парк,включав,кінопокази,EVENT,EVENT,"Збір на захист неба та підготовка до Маршу рівності: як пройшов ""КиївПрайд Парк""",2026-06-14 16:37:42
КиївПрайд Парк,включав,ярмарок дружніх бізнесів,EVENT,EVENT,"Збір на захист неба та підготовка до Маршу рівності: як пройшов ""КиївПрайд Парк""",2026-06-14 16:37:42
КиївПрайд Парк,включав,збір коштів,EVENT,EVENT,"Збір на захист неба та підготовка до Маршу рівності: як пройшов ""КиївПрайд Парк""",2026-06-14 16:37:42
збір коштів,спрямований на,підтримка війська,EVENT,EVENT,"Збір на захист неба та підготовка до Маршу рівності: як пройшов ""КиївПрайд Парк""",2026-06-14 16:37:42
14 червня,встановили,Прапор Надії,EVENT,EVENT,"""Ми чекаємо наших рідних"": у Харкові встановили Прапор Надії на підтримку полонених і зниклих безвісти військових",2026-06-14 16:37:41
Прапор Надії,встановлений у,центр Харкова,EVENT,LOC,"""Ми чекаємо наших рідних"": у Харкові встановили Прапор Надії на підтримку полонених і зниклих безвісти військових",2026-06-14 16:37:41
Прапор Надії,встановлений на підтримку,полонені військовослужбовці,EVENT,PER,"""Ми чекаємо наших рідних"": у Харкові встановили Прапор Надії на підтримку полонених і зниклих безвісти військових",2026-06-14 16:37:41
Прапор Надії,встановлений на підтримку,зниклі безвісти військовослужбовці,EVENT,PER,"""Ми чекаємо наших рідних"": у Харкові встановили Прапор Надії на підтримку полонених і зниклих безвісти військових",2026-06-14 16:37:41
Слован,оголосив про призначення,Яя Туре,ORG,PER,"""Не можу дочекатися"". Експівзахисник ""Манчестер Сіті"" Туре розпочав кар'єру тренера: який клуб очолив",2026-06-14 16:35:46
Яя Туре,призначений на посаду,головний тренер,PER,EVENT,"""Не можу дочекатися"". Експівзахисник ""Манчестер Сіті"" Туре розпочав кар'єру тренера: який клуб очолив",2026-06-14 16:35:46
Яя Туре,працює у,Слован Братислава,PER,ORG,"""Не можу дочекатися"". Експівзахисник ""Манчестер Сіті"" Туре розпочав кар'єру тренера: який клуб очолив",2026-06-14 16:35:46
посада головного тренера,є,першою в кар'єрі Яя Туре,EVENT,EVENT,"""Не можу дочекатися"". Експівзахисник ""Манчестер Сіті"" Туре розпочав кар'єру тренера: який клуб очолив",2026-06-14 16:35:46
Окупаційна влада Криму,вимагає від,представники релігійних громад,ORG,PER,Окупанти вимагають від релігійних організацій в Криму публічно підтримувати Путіна — ARC,2026-06-14 16:35:05
представники релігійних громад,публічно підтримувати,Кремль,PER,ORG,Окупанти вимагають від релігійних організацій в Криму публічно підтримувати Путіна — ARC,2026-06-14 16:35:05
представники релігійних громад,публічно підтримувати,російська агресія,PER,EVENT,Окупанти вимагають від релігійних організацій в Криму публічно підтримувати Путіна — ARC,2026-06-14 16:35:05
Асоціація реінтеграції Криму,повідомляє,священнослужителів змушують брати участь у пропагандистських заходах,ORG,EVENT,Окупанти вимагають від релігійних організацій в Криму публічно підтримувати Путіна — ARC,2026-06-14 16:35:05
священнослужителі,змушують брати участь у,пропагандистські заходи,PER,EVENT,Окупанти вимагають від релігійних організацій в Криму публічно підтримувати Путіна — ARC,2026-06-14 16:35:05
Чернігівщина,зменшилася кількість дитячих садків,213 закладів,LOC,EVENT,У дитсадках Чернігівщини у 2025 році зафіксували найменшу кількість дітей за останні 30 років,2026-06-14 16:33:36
Чернігівщина,скоротилася кількість вихованців,більше ніж удвічі,LOC,EVENT,У дитсадках Чернігівщини у 2025 році зафіксували найменшу кількість дітей за останні 30 років,2026-06-14 16:33:36
Головне управління статистики в області,повідомляє,про зменшення дитячих садків,ORG,EVENT,У дитсадках Чернігівщини у 2025 році зафіксували найменшу кількість дітей за останні 30 років,2026-06-14 16:33:36
Тернопіль,матиме відключення води,масив Сонячний,LOC,LOC,У Тернополі на п’яти вулицях не буде води,2026-06-14 16:27:00
відключення води,відбудеться,16 червня,EVENT,EVENT,У Тернополі на п’яти вулицях не буде води,2026-06-14 16:27:00
відключення води,охоплює,п'ять вулиць,EVENT,LOC,У Тернополі на п’яти вулицях не буде води,2026-06-14 16:27:00
відключення води,пов'язано з,промивка водопровідних мереж,EVENT,EVENT,У Тернополі на п’яти вулицях не буде води,2026-06-14 16:27:00
відключення води,пов'язано з,ремонтні роботи,EVENT,EVENT,У Тернополі на п’яти вулицях не буде води,2026-06-14 16:27:00
російський терористичний акт,сталося,14 червня,EVENT,EVENT,"""Назавжди залишились у небі"": 12 роковини збиття над Луганськом ІЛ-76, на борту якого були дев'ять мелітопольців",2026-06-14 16:26:51
російський терористичний акт,призвів до збиття,український літак ІЛ-76,EVENT,EVENT,"""Назавжди залишились у небі"": 12 роковини збиття над Луганськом ІЛ-76, на борту якого були дев'ять мелітопольців",2026-06-14 16:26:51
український літак ІЛ-76,було збито над,Луганськ,EVENT,LOC,"""Назавжди залишились у небі"": 12 роковини збиття над Луганськом ІЛ-76, на борту якого були дев'ять мелітопольців",2026-06-14 16:26:51
український літак ІЛ-76,мав на борту,40 десантників,EVENT,PER,"""Назавжди залишились у небі"": 12 роковини збиття над Луганськом ІЛ-76, на борту якого були дев'ять мелітопольців",2026-06-14 16:26:51
український літак ІЛ-76,мав на борту,дев'ятеро мелітопольців-членів екіпажу,EVENT,PER,"""Назавжди залишились у небі"": 12 роковини збиття над Луганськом ІЛ-76, на борту якого були дев'ять мелітопольців",2026-06-14 16:26:51
неповнолітній мотоцикліст,збив,чоловіка,PER,PER,У селі на Буковині неповнолітній мотоцикліст насмерть збив пішохода,2026-06-14 16:22:51
аварія,призвела до смерті,31-річний пішохід,EVENT,PER,У селі на Буковині неповнолітній мотоцикліст насмерть збив пішохода,2026-06-14 16:22:51
аварія,сталася в,селі Романківці,EVENT,LOC,У селі на Буковині неповнолітній мотоцикліст насмерть збив пішохода,2026-06-14 16:22:51
село Романківці,розташоване в,Дністровському районі,LOC,LOC,У селі на Буковині неповнолітній мотоцикліст насмерть збив пішохода,2026-06-14 16:22:51
Дністровський район,розташований на,Буковині,LOC,LOC,У селі на Буковині неповнолітній мотоцикліст насмерть збив пішохода,2026-06-14 16:22:51
Олег Сторожук,має псевдонім,Дід,PER,PER,"""Найтяжче — віддавати накази, бо знаєш: хтось може не повернутися». Історія 55-річного бійця на псевдо ""Дід""",2026-06-14 16:16:50
Олег Сторожук,має вік,55 років,PER,EVENT,"""Найтяжче — віддавати накази, бо знаєш: хтось може не повернутися». Історія 55-річного бійця на псевдо ""Дід""",2026-06-14 16:16:50
Олег Сторожук,працює,військовий,PER,EVENT,"""Найтяжче — віддавати накази, бо знаєш: хтось може не повернутися». Історія 55-річного бійця на псевдо ""Дід""",2026-06-14 16:16:50
Олег Сторожук,говорить про,найтяжчі аспекти служби на війні,PER,EVENT,"""Найтяжче — віддавати накази, бо знаєш: хтось може не повернутися». Історія 55-річного бійця на псевдо ""Дід""",2026-06-14 16:16:50
Одеса,матиме,мінливу хмарність,LOC,EVENT,Якою буде погода в Одесі та області 15 червня,2026-06-14 16:13:00
Одеська область,матиме,мінливу хмарність,LOC,EVENT,Якою буде погода в Одесі та області 15 червня,2026-06-14 16:13:00
Одеська область,матиме,короткочасні дощи,LOC,EVENT,Якою буде погода в Одесі та області 15 червня,2026-06-14 16:13:00
Одеська область,матиме,грози,LOC,EVENT,Якою буде погода в Одесі та області 15 червня,2026-06-14 16:13:00
Температура повітря в Одеській області,становитиме,+27°,LOC,EVENT,Якою буде погода в Одесі та області 15 червня,2026-06-14 16:13:00
Температура морської води,становитиме,18–19°,LOC,EVENT,Якою буде погода в Одесі та області 15 червня,2026-06-14 16:13:00
жителі Полтавщини,люблять,природу,PER,PER,"ТОП-5 локацій, де відпочити на природі та зробити фотосесію на Полтавщині",2026-06-14 16:08:32
жителі Полтавщини,мають змогу обрати,гарні місця у регіоні,PER,LOC,"ТОП-5 локацій, де відпочити на природі та зробити фотосесію на Полтавщині",2026-06-14 16:08:32
Суспільне,надає,перелік локацій,ORG,EVENT,"ТОП-5 локацій, де відпочити на природі та зробити фотосесію на Полтавщині",2026-06-14 16:08:32
ФІФА,виплатить,повний гонорар,ORG,EVENT,"ФІФА виплатить сомалійському ""судді-вигнанцю"" повний гонорар попри не участь на ЧС-2026 з футболу",2026-06-14 16:05:28
ФІФА,виплатить,Омар Артан,ORG,PER,"ФІФА виплатить сомалійському ""судді-вигнанцю"" повний гонорар попри не участь на ЧС-2026 з футболу",2026-06-14 16:05:28
Омар Артан,не допустили до,ЧС-2026,PER,EVENT,"ФІФА виплатить сомалійському ""судді-вигнанцю"" повний гонорар попри не участь на ЧС-2026 з футболу",2026-06-14 16:05:28
ФІФА,виплатить,гонорар за ЧС-2026,ORG,EVENT,"ФІФА виплатить сомалійському ""судді-вигнанцю"" повний гонорар попри не участь на ЧС-2026 з футболу",2026-06-14 16:05:28
поліцейські,затримали,чоловіка,ORG,PER,"Погрожував підірвати гранату в будинку, де перебувала його сім'я: на Закарпатті затримали чоловіка",2026-06-14 16:04:03
чоловік,погрожував підірвати,гранату,PER,EVENT,"Погрожував підірвати гранату в будинку, де перебувала його сім'я: на Закарпатті затримали чоловіка",2026-06-14 16:04:03
гранату,перебувала в,будинку,EVENT,LOC,"Погрожував підірвати гранату в будинку, де перебувала його сім'я: на Закарпатті затримали чоловіка",2026-06-14 16:04:03
будинок,розташований в,Хусті,LOC,LOC,"Погрожував підірвати гранату в будинку, де перебувала його сім'я: на Закарпатті затримали чоловіка",2026-06-14 16:04:03
жінка,евакуювана з,будинку,PER,LOC,"Погрожував підірвати гранату в будинку, де перебувала його сім'я: на Закарпатті затримали чоловіка",2026-06-14 16:04:03
два сини,евакуйовані з,будинку,PER,LOC,"Погрожував підірвати гранату в будинку, де перебувала його сім'я: на Закарпатті затримали чоловіка",2026-06-14 16:04:03
синоптики,прогнозують,погіршення погодних умов,PER,EVENT,"Грози, град та шквальний вітер: черкащан попереджають про погіршення погодних умов",2026-06-14 16:03:00
грози з градом та шквальним вітром,пройдуть,регіон,EVENT,LOC,"Грози, град та шквальний вітер: черкащан попереджають про погіршення погодних умов",2026-06-14 16:03:00
шквальний вітер,досягатиме,22 метри на секунду,EVENT,EVENT,"Грози, град та шквальний вітер: черкащан попереджають про погіршення погодних умов",2026-06-14 16:03:00
погіршення погодних умов,прогнозується на,15 червня,EVENT,EVENT,"Грози, град та шквальний вітер: черкащан попереджають про погіршення погодних умов",2026-06-14 16:03:00
грози з градом та шквальним вітром,очікуються у,Черкаси та область,EVENT,LOC,"Грози, град та шквальний вітер: черкащан попереджають про погіршення погодних умов",2026-06-14 16:03:00
Російські спецслужби,вербують,українські діти,ORG,PER,Мала встановити відеокамеру біля аеродрому для зйомки літаків: про вербування дітей спецслужбами РФ на Хмельниччині,2026-06-14 16:00:00
Російські спецслужби,вербують через,Telegram,ORG,ORG,Мала встановити відеокамеру біля аеродрому для зйомки літаків: про вербування дітей спецслужбами РФ на Хмельниччині,2026-06-14 16:00:00
Російські спецслужби,вербують через,TikTok,ORG,ORG,Мала встановити відеокамеру біля аеродрому для зйомки літаків: про вербування дітей спецслужбами РФ на Хмельниччині,2026-06-14 16:00:00
Російські спецслужби,вербують через,онлайн-ігри,ORG,ORG,Мала встановити відеокамеру біля аеродрому для зйомки літаків: про вербування дітей спецслужбами РФ на Хмельниччині,2026-06-14 16:00:00
Російські спецслужби,обіцяють,швидкі гроші,ORG,EVENT,Мала встановити відеокамеру біля аеродрому для зйомки літаків: про вербування дітей спецслужбами РФ на Хмельниччині,2026-06-14 16:00:00
неповнолітні,доручали встановлювати,камери біля аеродрому,PER,EVENT,Мала встановити відеокамеру біля аеродрому для зйомки літаків: про вербування дітей спецслужбами РФ на Хмельниччині,2026-06-14 16:00:00
неповнолітні,доручали фотографувати,військові об'єкти,PER,EVENT,Мала встановити відеокамеру біля аеродрому для зйомки літаків: про вербування дітей спецслужбами РФ на Хмельниччині,2026-06-14 16:00:00
військовослужбовці,називають,Ірину Марченко,ORG,PER,"""Пані Пиріжкова"": історія херсонки, яка готує випічку для військових",2026-06-14 15:57:31
Ірина Марченко,походить з,Херсон,PER,LOC,"""Пані Пиріжкова"": історія херсонки, яка готує випічку для військових",2026-06-14 15:57:31
Ірина Марченко,готує,пиріжки,PER,EVENT,"""Пані Пиріжкова"": історія херсонки, яка готує випічку для військових",2026-06-14 15:57:31
Ірина Марченко,готує,котлети,PER,EVENT,"""Пані Пиріжкова"": історія херсонки, яка готує випічку для військових",2026-06-14 15:57:31
Ірина Марченко,готує,сосиски в тісті,PER,EVENT,"""Пані Пиріжкова"": історія херсонки, яка готує випічку для військових",2026-06-14 15:57:31
Ірина Марченко,готує,чебуреки,PER,EVENT,"""Пані Пиріжкова"": історія херсонки, яка готує випічку для військових",2026-06-14 15:57:31
Ірина Марченко,готує,піцу,PER,EVENT,"""Пані Пиріжкова"": історія херсонки, яка готує випічку для військових",2026-06-14 15:57:31
Ірина Марченко,готує,торти,PER,EVENT,"""Пані Пиріжкова"": історія херсонки, яка готує випічку для військових",2026-06-14 15:57:31
Ірина Марченко,надихає,віра в перемогу,PER,EVENT,"""Пані Пиріжкова"": історія херсонки, яка готує випічку для військових",2026-06-14 15:57:31
Невідомі,пошкодили,альтанка,PER,LOC,"""Намагалися викрасти екран та пошкодили альтанку"": у Чернівцях зруйнували локацію фестивалю Миколайчук OPEN",2026-06-14 15:57:21
альтанка,знаходиться в,парк Жовтневий,LOC,LOC,"""Намагалися викрасти екран та пошкодили альтанку"": у Чернівцях зруйнували локацію фестивалю Миколайчук OPEN",2026-06-14 15:57:21
парк Жовтневий,знаходиться в,Чернівці,LOC,LOC,"""Намагалися викрасти екран та пошкодили альтанку"": у Чернівцях зруйнували локацію фестивалю Миколайчук OPEN",2026-06-14 15:57:21
фестиваль Миколайчук OPEN,включав,кінопокази просто неба,EVENT,EVENT,"""Намагалися викрасти екран та пошкодили альтанку"": у Чернівцях зруйнували локацію фестивалю Миколайчук OPEN",2026-06-14 15:57:21
Невідомі,відрізали,електрика,PER,LOC,"""Намагалися викрасти екран та пошкодили альтанку"": у Чернівцях зруйнували локацію фестивалю Миколайчук OPEN",2026-06-14 15:57:21
Невідомі,намагалися викрасти,екран,PER,LOC,"""Намагалися викрасти екран та пошкодили альтанку"": у Чернівцях зруйнували локацію фестивалю Миколайчук OPEN",2026-06-14 15:57:21
Невідомі,зруйнували,альтанка,PER,LOC,"""Намагалися викрасти екран та пошкодили альтанку"": у Чернівцях зруйнували локацію фестивалю Миколайчук OPEN",2026-06-14 15:57:21
Микола Колосовський,є нацгвардійцем,2 Галицька бригада,PER,ORG,Бракувало їжі та води: нацгвардієць зі Львівщини з побратимами понад три місяці тримав оборону позиції,2026-06-14 15:40:00
Микола Колосовський,тримав оборону,позиція на Донеччині,PER,LOC,Бракувало їжі та води: нацгвардієць зі Львівщини з побратимами понад три місяці тримав оборону позиції,2026-06-14 15:40:00
Микола Колосовський,тримав оборону протягом,114 днів,PER,EVENT,Бракувало їжі та води: нацгвардієць зі Львівщини з побратимами понад три місяці тримав оборону позиції,2026-06-14 15:40:00
військові,були в умовах,постійні обстріли,PER,EVENT,Бракувало їжі та води: нацгвардієць зі Львівщини з побратимами понад три місяці тримав оборону позиції,2026-06-14 15:40:00
військові,пережили,нестача їжі та води,PER,EVENT,Бракувало їжі та води: нацгвардієць зі Львівщини з побратимами понад три місяці тримав оборону позиції,2026-06-14 15:40:00
Еуджен Томак,є,попередній кандидат у прем'єри,PER,EVENT,Президент Румунії висунув Адріана Вештя на посаду нового прем’єра країни,2026-06-14 15:39:48
Еуджен Томак,є,депутат Європарламенту,PER,ORG,Президент Румунії висунув Адріана Вештя на посаду нового прем’єра країни,2026-06-14 15:39:48
Еуджен Томак,є,радник Дана,PER,PER,Президент Румунії висунув Адріана Вештя на посаду нового прем’єра країни,2026-06-14 15:39:48
Еуджен Томак,відмовився від,свій мандат,PER,EVENT,Президент Румунії висунув Адріана Вештя на посаду нового прем’єра країни,2026-06-14 15:39:48
Еуджен Томак,не отримав підтримки від,партії у румунському парламенті,PER,ORG,Президент Румунії висунув Адріана Вештя на посаду нового прем’єра країни,2026-06-14 15:39:48
ФІФА,визнала,технічний збій VAR,ORG,EVENT,"ФІФА визнала наявність ""технічного збою"" оновленої системи VAR у матчі ЧС-2026 з футболу: що сталось",2026-06-14 15:31:12
технічний збій VAR,був,на ЧС-2026,EVENT,EVENT,"ФІФА визнала наявність ""технічного збою"" оновленої системи VAR у матчі ЧС-2026 з футболу: що сталось",2026-06-14 15:31:12
нова система VAR,мала збій,у матчі ЧС-2026,EVENT,EVENT,"ФІФА визнала наявність ""технічного збою"" оновленої системи VAR у матчі ЧС-2026 з футболу: що сталось",2026-06-14 15:31:12
ФІФА,розкритикували,на ЧС-2026,ORG,EVENT,"ФІФА визнала наявність ""технічного збою"" оновленої системи VAR у матчі ЧС-2026 з футболу: що сталось",2026-06-14 15:31:12
Швейцарія,грала матч,Катар,LOC,LOC,"ФІФА визнала наявність ""технічного збою"" оновленої системи VAR у матчі ЧС-2026 з футболу: що сталось",2026-06-14 15:31:12
Олександр Свинобоєм,попрощалися,14 червня на майдані Незалежності у Рівному,PER,EVENT,З військовим Олександром Свинобоєм попрощалися у Рівному,2026-06-14 15:25:49
Олександр Свинобоєм,загинув,у жовтні 2023 року,PER,EVENT,З військовим Олександром Свинобоєм попрощалися у Рівному,2026-06-14 15:25:49
Олександр Свинобоєм,вважався,зниклим безвісти,PER,EVENT,З військовим Олександром Свинобоєм попрощалися у Рівному,2026-06-14 15:25:49
Олександр Свинобоєм,мав звання,військовий,PER,PER,З військовим Олександром Свинобоєм попрощалися у Рівному,2026-06-14 15:25:49
Роботи,розпочнуться,01:00 15 червня 2026 року,EVENT,EVENT,Жителі правобережної частини Дніпра на дві доби опиняться без водопостачання,2026-06-14 15:23:25
Роботи,триватимуть до,23:00 16 червня 2026 року,EVENT,EVENT,Жителі правобережної частини Дніпра на дві доби опиняться без водопостачання,2026-06-14 15:23:25
Відновлення стабільного режиму водопостачання,очікується,до 12:00 17 червня,EVENT,EVENT,Жителі правобережної частини Дніпра на дві доби опиняться без водопостачання,2026-06-14 15:23:25
Максим Левадний,народився,1997,PER,EVENT,У Заводській громаді попрощаються з військовослужбовцем Максимом Левадним,2026-06-14 15:14:09
Максим Левадний,народився в,селі Нижня Будаківка,PER,LOC,У Заводській громаді попрощаються з військовослужбовцем Максимом Левадним,2026-06-14 15:14:09
село Нижня Будаківка,знаходиться в,Миргородському районі,LOC,LOC,У Заводській громаді попрощаються з військовослужбовцем Максимом Левадним,2026-06-14 15:14:09
родина Максима,переїхала до,села Токарі,PER,LOC,У Заводській громаді попрощаються з військовослужбовцем Максимом Левадним,2026-06-14 15:14:09
родина Максима,переїхала до,Заводського,PER,LOC,У Заводській громаді попрощаються з військовослужбовцем Максимом Левадним,2026-06-14 15:14:09
Сергій Порожняк,є жителем,Золочева,PER,LOC,"Пробув 28 днів у реанімації: помер житель Золочева, який зазнав поранень внаслідок атаки FPV-дрона 16 травня",2026-06-14 15:11:36
Сергій Порожняк,зазнав поранень внаслідок,атака FPV-дрона,PER,EVENT,"Пробув 28 днів у реанімації: помер житель Золочева, який зазнав поранень внаслідок атаки FPV-дрона 16 травня",2026-06-14 15:11:36
атака FPV-дрона,сталася,16 травня,EVENT,EVENT,"Пробув 28 днів у реанімації: помер житель Золочева, який зазнав поранень внаслідок атаки FPV-дрона 16 травня",2026-06-14 15:11:36
Сергій Порожняк,помер внаслідок,поранення,PER,EVENT,"Пробув 28 днів у реанімації: помер житель Золочева, який зазнав поранень внаслідок атаки FPV-дрона 16 травня",2026-06-14 15:11:36
Сергій Порожняк,був у реанімації протягом,28 днів,PER,EVENT,"Пробув 28 днів у реанімації: помер житель Золочева, який зазнав поранень внаслідок атаки FPV-дрона 16 травня",2026-06-14 15:11:36
